salaries_bygroup,avo,avot
<10K,0.1724137931034483,0.06896551724137931
10K-25K,0.3333333333333333,0.12280701754385964
25K-50K,0.4036697247706422,0.10397553516819572
50K-100K,0.35526315789473684,0.10526315789473684
100K-250K,0.4339622641509434,0.1320754716981132
>250K,0.4090909090909091,0.13636363636363635
